machine,p,numpy_time,numpy_overhead,numpy_relative,sklearn_time,sklearn_overhead,sklearn_relative,auto_time,auto_overhead,auto_relative
Apple Silicon,1,4.813944334004191,0.0,0.0,48.67757341700053,0.0,0.0,48.23132112500025,0.0,0.0
Apple Silicon,2,6.634798417006095,8.455652500008,1.7564915406852395,38.11086891699961,27.544164416998683,0.5658491679739103,39.48756858299748,30.743816040994716,0.6374242986485176
Apple Silicon,3,5.964275749996887,13.078882915986469,2.7168745645024077,41.51522008400207,75.86808683500567,1.5585839948321851,40.55783329199767,73.44217875099275,1.5227071752949495
Apple Silicon,4,7.4629567910014885,25.037882830001763,5.201115985729627,42.77855891600484,122.43666224701883,2.5152581292036653,39.660209584006225,110.40951721102465,2.289166347421384
Apple Silicon,5,12.621985957994184,58.29598545596673,12.109817108640454,62.142600790997676,262.03543053798785,5.38308325875736,58.741686208995816,245.47710991997883,5.089578808836279
Apple Silicon,6,8.21366449999914,44.46804266599065,9.237340438667387,63.737388833993464,333.74675958696025,6.856273560062054,47.21452891700028,235.05585237700143,4.873510550702341
Apple Silicon,7,8.247954667000158,52.92173833499692,10.993425487115498,74.85345095899538,475.29658329596714,9.764179886788911,62.91926404200058,392.2035271690038,8.131718518606135
Apple Silicon,8,12.27981404199818,93.42456800198124,19.407072770256075,132.92548183300096,1014.7262812470071,20.845868230823033,69.44823362500028,507.354547875002,10.51919242601919
Intel/WSL2,1,15.317443048000015,0.0,0.0,68.10088213899999,0.0,0.0,72.51752341400001,0.0,0.0
Intel/WSL2,2,12.928283335000003,10.539123621999991,0.6880471883573333,54.758238653000035,41.41559516700008,0.6081506416094162,61.82146698399998,51.125410553999956,0.7050076746571552
Intel/WSL2,3,11.063688346000049,17.87362199000013,1.1668802641530875,54.951977201999966,96.7550494669999,1.4207605897015283,58.13325545300006,101.88224294500017,1.4049327410611916
Intel/WSL2,4,9.371385485000019,22.16809889200006,1.4472453935380898,55.61765562699998,154.3697403689999,2.266780334121333,58.393063971999936,161.05473247399974,2.220907787412208
Intel/WSL2,5,11.102943840999956,40.19727615699976,2.624281091239199,94.05233738499999,402.16080478599997,5.9053685085187855,71.60535547200004,285.5092539460002,3.937107067433037
Intel/WSL2,6,14.137137953999968,69.50538467599979,4.5376623538401235,61.08228684599999,298.39283893699996,4.381629570200772,57.52060502699999,272.6061067479999,3.7591756297536687
Intel/WSL2,7,13.55163436600003,79.5439975140002,5.193033671790683,74.27040289000013,451.79193809100093,6.634156913986124,62.71889099000009,366.5147135160006,5.054153758445127
Intel/WSL2,8,17.295536001999835,123.04684496799867,8.033119142823566,122.52312530599988,912.0841203089991,13.39313224236,79.53526114800002,563.7645657700001,7.774183938294305
