p,t,p_por_t,tiempo
1,1,1,6.835777917003725
1,2,2,5.738648083999578
1,3,3,6.429043957999966
1,4,4,6.950993874997948
1,5,5,5.724151207999967
1,6,6,5.261578416000702
1,7,7,5.192968707997352
1,8,8,5.16735304199392
2,1,2,6.503110833000392
2,2,4,5.643089417004376
2,3,6,5.493310707999626
2,4,8,5.4732002499949886
3,1,3,5.1704539580023265
3,2,6,5.23033179200138
4,1,4,5.5733810419988
4,2,8,6.044179708995216
5,1,5,5.850653333000082
6,1,6,5.423150125003303
7,1,7,6.496152708001318
8,1,8,7.378849250002531
