N,n,p,run_1_ms,run_2_ms,run_3_ms,avg_time_ms,std_dev_ms,speedup,efficiency,checksum
2048,2048,1,4680.25,4439.55,4180.85,4433.55,203.92,1.0,1.0,172.331627
2048,2048,2,4183.04,4097.58,4128.29,4136.3,35.35,1.07,0.54,172.331627
2048,2048,4,4124.26,4118.13,4108.3,4116.9,6.57,1.08,0.27,172.331627
2048,2048,8,4281.34,4137.83,4201.15,4206.77,58.72,1.05,0.13,172.331627
2048,1024,1,6219.16,7151.23,6653.05,6674.48,380.82,1.0,1.0,172.331627
2048,1024,2,3167.82,3362.17,4879.02,3803.0,764.98,1.76,0.88,172.331627
2048,1024,4,3118.57,2735.26,3804.96,3219.6,442.51,2.07,0.52,172.331627
2048,1024,8,4171.86,3424.19,2979.46,3525.17,492.0,1.89,0.24,172.331627
2048,512,1,6876.96,4469.34,4677.35,5341.22,1089.25,1.0,1.0,172.331627
2048,512,2,2873.99,3113.45,3266.71,3084.72,161.61,1.73,0.87,172.331627
2048,512,4,2646.05,3542.27,2695.97,2961.43,411.22,1.8,0.45,172.331627
2048,512,8,2182.97,2022.64,2139.96,2115.19,67.76,2.53,0.32,172.331627
2048,256,1,1686.44,1653.09,1718.71,1686.08,26.79,1.0,1.0,172.331627
2048,256,2,1108.94,1050.55,1240.58,1133.36,79.48,1.49,0.74,172.331627
2048,256,4,971.91,764.62,737.36,824.63,104.74,2.04,0.51,172.331627
2048,256,8,801.63,846.55,832.63,826.94,18.78,2.04,0.25,172.331627
2048,128,1,1872.13,2014.68,1984.58,1957.13,61.35,1.0,1.0,172.331627
2048,128,2,1214.71,1310.91,1426.68,1317.43,86.66,1.49,0.74,172.331627
2048,128,4,921.14,674.61,681.78,759.18,114.56,2.58,0.64,172.331627
2048,128,8,463.12,461.21,388.93,435.72,31.43,4.49,0.56,172.331627
2048,64,1,2590.71,2425.14,2179.82,2398.56,168.8,1.0,1.0,172.331627
2048,64,2,1218.21,1205.99,1241.51,1221.9,14.73,1.96,0.98,172.331627
2048,64,4,806.86,832.05,828.76,822.56,11.18,2.92,0.73,172.331627
2048,64,8,739.04,1337.73,1105.42,1060.73,246.45,2.26,0.28,172.331627
2048,32,1,2341.6,2711.66,2927.56,2660.27,241.96,1.0,1.0,172.331627
2048,32,2,1374.37,1472.14,1287.23,1377.91,75.53,1.93,0.97,172.331627
2048,32,4,853.02,852.94,826.19,844.05,12.63,3.15,0.79,172.331627
2048,32,8,652.04,640.74,641.48,644.75,5.16,4.13,0.52,172.331627
