Algoritmo,N,p,Tiempo_ms,Desv_ms,Carga_relativa_thread
OpenMP Datos,1024,1,585.82,10.88,1.0
OpenMP Datos,1024,2,378.17,32.31,0.5
OpenMP Datos,1024,4,188.89,34.54,0.25
OpenMP Datos,1024,8,98.23,7.6,0.125
OpenMP Datos,2048,1,4673.36,475.3,8.0
OpenMP Datos,2048,2,3873.03,215.28,4.0
OpenMP Datos,2048,4,2699.57,615.88,2.0
OpenMP Datos,2048,8,2421.45,160.51,1.0
OpenMP Datos,4096,1,46832.2,1606.54,64.0
OpenMP Datos,4096,2,26769.04,1616.72,32.0
OpenMP Datos,4096,4,16386.53,2950.1,16.0
OpenMP Datos,4096,8,22088.36,2068.16,8.0
OpenMP D&C,1024,1,421.18,15.36,1.0
OpenMP D&C,1024,2,168.47,21.61,0.5
OpenMP D&C,1024,4,96.99,17.13,0.25
OpenMP D&C,1024,8,90.68,19.64,0.125
OpenMP D&C,2048,1,1857.27,93.89,8.0
OpenMP D&C,2048,2,1056.3,47.07,4.0
OpenMP D&C,2048,4,698.49,38.01,2.0
OpenMP D&C,2048,8,579.74,51.52,1.0
OpenMP D&C,4096,1,37252.4,3549.19,64.0
OpenMP D&C,4096,2,14878.76,257.84,32.0
OpenMP D&C,4096,4,12450.49,2907.86,16.0
OpenMP D&C,4096,8,9514.98,509.26,8.0
Numba,1024,1,559.01,52.94,1.0
Numba,1024,2,319.55,57.73,0.5
Numba,1024,4,159.17,18.99,0.25
Numba,1024,8,96.26,5.65,0.125
Numba,2048,1,5256.29,725.63,8.0
Numba,2048,2,3765.55,212.56,4.0
Numba,2048,4,2380.21,807.62,2.0
Numba,2048,8,2299.36,474.21,1.0
Numba,4096,1,45516.27,2502.0,64.0
Numba,4096,2,22880.74,2065.6,32.0
Numba,4096,4,15898.05,4587.78,16.0
Numba,4096,8,20194.92,3568.35,8.0
