Algorithm,N,p,Run_1_ms,Run_2_ms,Run_3_ms,Avg_Time_ms,Std_Dev_ms,Work_Per_Thread_Ratio,Weak_Scaling_Match,Weak_Efficiency,Checksum_Match
Algoritmo 1 (C++ Data Parallel),1024,1,570.62,595.48,591.37,585.82,10.88,1.0000,YES,1.0000,YES
Algoritmo 1 (C++ Data Parallel),1024,2,362.10,423.24,349.16,378.17,32.31,0.5000,NO,,YES
Algoritmo 1 (C++ Data Parallel),1024,4,235.98,154.10,176.60,188.89,34.54,0.2500,NO,,YES
Algoritmo 1 (C++ Data Parallel),1024,8,89.51,97.15,108.03,98.23,7.60,0.1250,NO,,YES
Algoritmo 1 (C++ Data Parallel),2048,1,4646.73,4105.01,5268.33,4673.36,475.30,8.0000,NO,,YES
Algoritmo 1 (C++ Data Parallel),2048,2,3575.94,4079.22,3963.94,3873.03,215.28,4.0000,NO,,YES
Algoritmo 1 (C++ Data Parallel),2048,4,3088.02,3180.48,1830.22,2699.57,615.88,2.0000,NO,,YES
Algoritmo 1 (C++ Data Parallel),2048,8,2584.19,2477.13,2203.03,2421.45,160.51,1.0000,YES,0.2419,YES
Algoritmo 1 (C++ Data Parallel),4096,1,48858.57,46708.85,44929.17,46832.20,1606.54,64.0000,NO,,YES
Algoritmo 1 (C++ Data Parallel),4096,2,26401.46,24998.52,28907.14,26769.04,1616.72,32.0000,NO,,YES
Algoritmo 1 (C++ Data Parallel),4096,4,14763.84,20526.51,13869.23,16386.53,2950.10,16.0000,NO,,YES
Algoritmo 1 (C++ Data Parallel),4096,8,19172.34,23349.95,23742.78,22088.36,2068.16,8.0000,NO,,YES
Algoritmo 2 (C++ Divide & Conquer),1024,1,400.78,424.90,437.86,421.18,15.36,1.0000,YES,1.0000,YES
Algoritmo 2 (C++ Divide & Conquer),1024,2,188.94,177.88,138.59,168.47,21.61,0.5000,NO,,YES
Algoritmo 2 (C++ Divide & Conquer),1024,4,79.75,90.87,120.34,96.99,17.13,0.2500,NO,,YES
Algoritmo 2 (C++ Divide & Conquer),1024,8,108.14,100.66,63.25,90.68,19.64,0.1250,NO,,YES
Algoritmo 2 (C++ Divide & Conquer),2048,1,1830.21,1983.38,1758.22,1857.27,93.89,8.0000,NO,,YES
Algoritmo 2 (C++ Divide & Conquer),2048,2,992.30,1104.13,1072.48,1056.30,47.07,4.0000,NO,,YES
Algoritmo 2 (C++ Divide & Conquer),2048,4,657.81,749.27,688.40,698.49,38.01,2.0000,NO,,YES
Algoritmo 2 (C++ Divide & Conquer),2048,8,526.14,563.80,649.27,579.74,51.52,1.0000,YES,0.7265,YES
Algoritmo 2 (C++ Divide & Conquer),4096,1,37695.97,41360.46,32700.78,37252.40,3549.19,64.0000,NO,,YES
Algoritmo 2 (C++ Divide & Conquer),4096,2,14597.56,15220.40,14818.31,14878.76,257.84,32.0000,NO,,YES
Algoritmo 2 (C++ Divide & Conquer),4096,4,11262.41,16454.05,9635.02,12450.49,2907.86,16.0000,NO,,YES
Algoritmo 2 (C++ Divide & Conquer),4096,8,9779.69,9962.68,8802.56,9514.98,509.26,8.0000,NO,,YES
Algoritmo 3 (Python Numba),1024,1,578.36,486.70,611.98,559.01,52.94,1.0000,YES,1.0000,YES
Algoritmo 3 (Python Numba),1024,2,324.88,387.45,246.33,319.55,57.73,0.5000,NO,,YES
Algoritmo 3 (Python Numba),1024,4,185.93,147.80,143.79,159.17,18.99,0.2500,NO,,YES
Algoritmo 3 (Python Numba),1024,8,91.96,92.58,104.25,96.26,5.65,0.1250,NO,,YES
Algoritmo 3 (Python Numba),2048,1,6239.09,5020.61,4509.17,5256.29,725.63,8.0000,NO,,YES
Algoritmo 3 (Python Numba),2048,2,3869.33,3469.33,3957.99,3765.55,212.56,4.0000,NO,,YES
Algoritmo 3 (Python Numba),2048,4,2305.50,1430.55,3404.57,2380.21,807.62,2.0000,NO,,YES
Algoritmo 3 (Python Numba),2048,8,1704.07,2329.55,2864.46,2299.36,474.21,1.0000,YES,0.2431,YES
Algoritmo 3 (Python Numba),4096,1,47829.33,42040.84,46678.65,45516.27,2502.00,64.0000,NO,,YES
Algoritmo 3 (Python Numba),4096,2,25451.08,22797.67,20393.46,22880.74,2065.60,32.0000,NO,,YES
Algoritmo 3 (Python Numba),4096,4,12406.60,12907.85,22379.70,15898.05,4587.78,16.0000,NO,,YES
Algoritmo 3 (Python Numba),4096,8,24256.80,20757.34,15570.61,20194.92,3568.35,8.0000,NO,,YES
