Algorithm,N,p,Run_1_ms,Run_2_ms,Run_3_ms,Avg_Time_ms,Std_Dev_ms,Weak_Efficiency,Checksum_Match
Algoritmo 1 (C++ Data Parallel),1024,1,307.36,309.96,308.73,308.68,1.06,1.0000,YES
Algoritmo 1 (C++ Data Parallel),1024,2,200.07,198.22,194.21,197.50,2.45,0.7815,YES
Algoritmo 1 (C++ Data Parallel),1024,4,94.63,95.79,108.51,99.64,6.29,0.7745,YES
Algoritmo 1 (C++ Data Parallel),1024,8,57.86,62.45,51.96,57.42,4.29,0.6719,YES
Algoritmo 1 (C++ Data Parallel),2048,1,2365.49,2575.53,2628.85,2523.29,113.68,0.9787,YES
Algoritmo 1 (C++ Data Parallel),2048,2,2077.67,2706.81,2065.99,2283.49,299.37,0.5407,YES
Algoritmo 1 (C++ Data Parallel),2048,4,1431.91,1428.36,1515.93,1458.73,40.47,0.4232,YES
Algoritmo 1 (C++ Data Parallel),2048,8,1313.79,1124.62,1453.18,1297.20,134.65,0.2380,YES
Algoritmo 1 (C++ Data Parallel),4096,1,24232.67,35331.75,31363.44,30309.29,4592.08,0.6518,YES
Algoritmo 1 (C++ Data Parallel),4096,2,19242.36,18676.75,18350.66,18756.59,368.39,0.5266,YES
Algoritmo 1 (C++ Data Parallel),4096,4,13716.13,13801.78,15034.28,14184.06,602.21,0.3482,YES
Algoritmo 1 (C++ Data Parallel),4096,8,13980.33,14616.37,13808.90,14135.20,347.36,0.1747,YES
Algoritmo 2 (C++ Divide & Conquer),1024,1,390.38,391.48,392.95,391.60,1.05,1.0000,YES
Algoritmo 2 (C++ Divide & Conquer),1024,2,391.40,390.44,392.39,391.41,0.80,0.5002,YES
Algoritmo 2 (C++ Divide & Conquer),1024,4,387.91,389.28,388.33,388.51,0.57,0.2520,YES
Algoritmo 2 (C++ Divide & Conquer),1024,8,426.26,392.88,390.58,403.24,16.30,0.1214,YES
Algoritmo 2 (C++ Divide & Conquer),2048,1,2913.89,2767.16,2755.67,2812.24,72.03,1.1140,YES
Algoritmo 2 (C++ Divide & Conquer),2048,2,2753.55,2757.65,2767.92,2759.71,6.04,0.5676,YES
Algoritmo 2 (C++ Divide & Conquer),2048,4,2761.46,2758.99,2764.21,2761.55,2.13,0.2836,YES
Algoritmo 2 (C++ Divide & Conquer),2048,8,2772.60,2767.14,2769.51,2769.75,2.24,0.1414,YES
Algoritmo 2 (C++ Divide & Conquer),4096,1,25243.68,24964.97,25472.15,25226.93,207.39,0.9935,YES
Algoritmo 2 (C++ Divide & Conquer),4096,2,26148.78,22449.60,23536.37,24044.92,1552.41,0.5212,YES
Algoritmo 2 (C++ Divide & Conquer),4096,4,22211.42,27473.15,22875.15,24186.57,2339.70,0.2591,YES
Algoritmo 2 (C++ Divide & Conquer),4096,8,24047.24,22049.05,26223.12,24106.47,1704.57,0.1300,YES
Algoritmo 3 (Python Numba),1024,1,284.30,307.59,279.15,290.35,12.37,1.0000,YES
Algoritmo 3 (Python Numba),1024,2,196.45,198.10,194.52,196.36,1.46,0.7393,YES
Algoritmo 3 (Python Numba),1024,4,106.95,96.36,101.08,101.46,4.33,0.7154,YES
Algoritmo 3 (Python Numba),1024,8,50.40,59.72,59.30,56.47,4.30,0.6427,YES
Algoritmo 3 (Python Numba),2048,1,2441.44,2580.21,2671.46,2564.37,94.57,0.9058,YES
Algoritmo 3 (Python Numba),2048,2,2016.43,2002.29,2048.56,2022.43,19.36,0.5743,YES
Algoritmo 3 (Python Numba),2048,4,1483.58,1565.86,1359.62,1469.69,84.77,0.3951,YES
Algoritmo 3 (Python Numba),2048,8,1184.69,863.73,1806.18,1284.87,391.22,0.2260,YES
Algoritmo 3 (Python Numba),4096,1,21208.10,20222.18,19634.47,20354.92,649.25,0.9129,YES
Algoritmo 3 (Python Numba),4096,2,16214.69,16092.67,15969.75,16092.37,100.00,0.5774,YES
Algoritmo 3 (Python Numba),4096,4,13634.75,14863.19,17146.56,15214.83,1455.09,0.3053,YES
Algoritmo 3 (Python Numba),4096,8,14318.86,14120.05,13503.98,13980.96,346.91,0.1661,YES
